candidate,reference,metric,difference,ci_low,ci_high,gained_correct,lost_correct,mcnemar_exact_p,bootstrap_repeats
top3,full,accuracy,0.0,-0.05208333333333337,0.05208333333333337,3,3,1.0,20000
top3,full,balanced_accuracy,0.01388888888888884,-0.06249999999999989,0.09027777777777779,3,3,1.0,20000
top3,full,auroc,-0.0017361111111110494,-0.02083333333333337,0.01620370370370372,3,3,1.0,20000
top10,full,accuracy,0.02083333333333337,-0.03125,0.07291666666666663,4,2,0.6875,20000
top10,full,balanced_accuracy,0.02777777777777768,-0.04166666666666674,0.10416666666666663,4,2,0.6875,20000
top10,full,auroc,-0.008101851851851971,-0.03935185185185186,0.0127314814814814,4,2,0.6875,20000
top30,full,accuracy,-0.04166666666666663,-0.10416666666666674,0.02083333333333337,3,7,0.34375,20000
top30,full,balanced_accuracy,-0.01388888888888895,-0.09027777777777779,0.06944444444444442,3,7,0.34375,20000
top30,full,auroc,-0.02199074074074081,-0.05788483796296304,0.00520833333333337,3,7,0.34375,20000
