model,task,seed,observations,plants,positive,negative,TP,FN,TN,FP,BA_percent,AUROC
psnet_full,dpi_2,157,185,93,69,24,53,16,7,17,52.9891304347826,0.5555555555555556
psnet_full,dpi_2,257,185,93,69,24,64,5,4,20,54.710144927536234,0.6056763285024155
psnet_full,dpi_2,357,185,93,69,24,58,11,9,15,60.778985507246375,0.6527777777777778
plain_multimodal,dpi_2,157,185,93,69,24,45,24,8,16,49.27536231884058,0.5042270531400966
plain_multimodal,dpi_2,257,185,93,69,24,53,16,7,17,52.9891304347826,0.533816425120773
plain_multimodal,dpi_2,357,185,93,69,24,67,2,5,19,58.96739130434783,0.5845410628019324
rgb_resnet18,dpi_2,157,185,93,69,24,49,20,6,18,48.007246376811594,0.49818840579710144
rgb_resnet18,dpi_2,257,185,93,69,24,45,24,8,16,49.27536231884058,0.5102657004830918
rgb_resnet18,dpi_2,357,185,93,69,24,44,25,11,13,54.80072463768116,0.5857487922705314
rgb_resnet34,dpi_2,157,185,93,69,24,52,17,5,19,48.09782608695652,0.47705314009661837
rgb_resnet34,dpi_2,257,185,93,69,24,65,4,4,20,55.434782608695656,0.4746376811594203
rgb_resnet34,dpi_2,357,185,93,69,24,29,40,16,8,54.347826086956516,0.5742753623188406
hsi_transformer,dpi_2,157,185,93,69,24,69,0,10,14,70.83333333333334,0.8200483091787439
hsi_transformer,dpi_2,257,185,93,69,24,68,1,12,12,74.27536231884058,0.7874396135265701
hsi_transformer,dpi_2,357,185,93,69,24,69,0,16,8,83.33333333333333,0.9414251207729468
spectral_1d_cnn,dpi_2,157,185,93,69,24,69,0,0,24,50.0,0.5803140096618358
spectral_1d_cnn,dpi_2,257,185,93,69,24,40,29,17,7,64.40217391304348,0.6769323671497585
spectral_1d_cnn,dpi_2,357,185,93,69,24,69,0,0,24,50.0,0.7059178743961353
compact_3d_cnn,dpi_2,157,185,93,69,24,68,1,19,5,88.8586956521739,0.9039855072463768
compact_3d_cnn,dpi_2,257,185,93,69,24,66,3,19,5,87.40942028985508,0.9142512077294686
compact_3d_cnn,dpi_2,357,185,93,69,24,67,2,16,8,81.88405797101449,0.928743961352657
simple_multimodal,dpi_2,157,185,93,69,24,53,16,7,17,52.9891304347826,0.5688405797101449
simple_multimodal,dpi_2,257,185,93,69,24,55,14,7,17,54.43840579710145,0.5102657004830918
simple_multimodal,dpi_2,357,185,93,69,24,52,17,12,12,62.68115942028986,0.5827294685990339
psnet_no_caf,dpi_2,157,185,93,69,24,56,13,8,16,57.2463768115942,0.6431159420289855
psnet_no_caf,dpi_2,257,185,93,69,24,61,8,11,13,67.11956521739131,0.7155797101449275
psnet_no_caf,dpi_2,357,185,93,69,24,59,10,11,13,65.67028985507247,0.7294685990338164
psnet_no_wavelet,dpi_2,157,185,93,69,24,59,10,4,20,51.08695652173913,0.644927536231884
psnet_no_wavelet,dpi_2,257,185,93,69,24,41,28,14,10,58.876811594202906,0.586352657004831
psnet_no_wavelet,dpi_2,357,185,93,69,24,56,13,11,13,63.4963768115942,0.6503623188405797
psnet_no_3d_patch,dpi_2,157,185,93,69,24,57,12,10,14,62.13768115942029,0.7294685990338164
psnet_no_3d_patch,dpi_2,257,185,93,69,24,53,16,10,14,59.2391304347826,0.6835748792270532
psnet_no_3d_patch,dpi_2,357,185,93,69,24,64,5,4,20,54.710144927536234,0.7192028985507246
psnet_learnable_cls,dpi_2,157,185,93,69,24,65,4,3,21,53.35144927536232,0.5428743961352657
psnet_learnable_cls,dpi_2,257,185,93,69,24,50,19,11,13,59.14855072463768,0.6002415458937198
psnet_learnable_cls,dpi_2,357,185,93,69,24,61,8,8,16,60.86956521739131,0.6745169082125604
psnet_full,dpi_4,157,192,96,72,24,68,4,17,7,82.63888888888889,0.9548611111111112
psnet_full,dpi_4,257,192,96,72,24,67,5,16,8,79.86111111111111,0.9085648148148148
psnet_full,dpi_4,357,192,96,72,24,67,5,20,4,88.19444444444444,0.953125
plain_multimodal,dpi_4,157,192,96,72,24,68,4,23,1,95.13888888888889,0.9820601851851852
plain_multimodal,dpi_4,257,192,96,72,24,68,4,22,2,93.05555555555556,0.9728009259259259
plain_multimodal,dpi_4,357,192,96,72,24,68,4,20,4,88.88888888888889,0.9571759259259259
rgb_resnet18,dpi_4,157,192,96,72,24,69,3,22,2,93.75,0.9762731481481481
rgb_resnet18,dpi_4,257,192,96,72,24,71,1,21,3,93.05555555555556,0.9918981481481481
rgb_resnet18,dpi_4,357,192,96,72,24,67,5,18,6,84.02777777777779,0.9484953703703703
rgb_resnet34,dpi_4,157,192,96,72,24,70,2,17,7,84.02777777777779,0.9751157407407407
rgb_resnet34,dpi_4,257,192,96,72,24,69,3,20,4,89.58333333333334,0.9774305555555556
rgb_resnet34,dpi_4,357,192,96,72,24,70,2,20,4,90.27777777777779,0.9577546296296297
hsi_transformer,dpi_4,157,192,96,72,24,67,5,7,17,61.111111111111114,0.6568287037037037
hsi_transformer,dpi_4,257,192,96,72,24,72,0,0,24,50.0,0.5474537037037037
hsi_transformer,dpi_4,357,192,96,72,24,67,5,9,15,65.27777777777779,0.7065972222222222
spectral_1d_cnn,dpi_4,157,192,96,72,24,68,4,2,22,51.388888888888886,0.6012731481481481
spectral_1d_cnn,dpi_4,257,192,96,72,24,16,56,18,6,48.61111111111111,0.5665509259259259
spectral_1d_cnn,dpi_4,357,192,96,72,24,72,0,0,24,50.0,0.5862268518518519
compact_3d_cnn,dpi_4,157,192,96,72,24,72,0,4,20,58.333333333333336,0.6400462962962963
compact_3d_cnn,dpi_4,257,192,96,72,24,68,4,5,19,57.638888888888886,0.6637731481481481
compact_3d_cnn,dpi_4,357,192,96,72,24,68,4,6,18,59.72222222222222,0.6631944444444444
simple_multimodal,dpi_4,157,192,96,72,24,62,10,21,3,86.80555555555556,0.9710648148148148
simple_multimodal,dpi_4,257,192,96,72,24,68,4,22,2,93.05555555555556,0.9756944444444444
simple_multimodal,dpi_4,357,192,96,72,24,67,5,19,5,86.11111111111111,0.9519675925925926
psnet_no_caf,dpi_4,157,192,96,72,24,64,8,20,4,86.11111111111111,0.96875
psnet_no_caf,dpi_4,257,192,96,72,24,64,8,19,5,84.02777777777777,0.9103009259259259
psnet_no_caf,dpi_4,357,192,96,72,24,62,10,21,3,86.80555555555556,0.9097222222222222
psnet_no_wavelet,dpi_4,157,192,96,72,24,65,7,20,4,86.80555555555556,0.953125
psnet_no_wavelet,dpi_4,257,192,96,72,24,64,8,23,1,92.36111111111111,0.9797453703703703
psnet_no_wavelet,dpi_4,357,192,96,72,24,62,10,21,3,86.80555555555556,0.9380787037037037
psnet_no_3d_patch,dpi_4,157,192,96,72,24,68,4,22,2,93.05555555555556,0.9855324074074074
psnet_no_3d_patch,dpi_4,257,192,96,72,24,62,10,23,1,90.97222222222223,0.9756944444444444
psnet_no_3d_patch,dpi_4,357,192,96,72,24,70,2,18,6,86.11111111111111,0.9618055555555556
psnet_learnable_cls,dpi_4,157,192,96,72,24,63,9,18,6,81.25,0.9444444444444444
psnet_learnable_cls,dpi_4,257,192,96,72,24,69,3,20,4,89.58333333333334,0.9629629629629629
psnet_learnable_cls,dpi_4,357,192,96,72,24,66,6,23,1,93.75,0.9884259259259259
psnet_full,dpi_6,157,192,96,72,24,69,3,23,1,95.83333333333334,0.9901620370370371
psnet_full,dpi_6,257,192,96,72,24,70,2,22,2,94.44444444444444,0.9837962962962963
psnet_full,dpi_6,357,192,96,72,24,66,6,24,0,95.83333333333333,0.9959490740740741
plain_multimodal,dpi_6,157,192,96,72,24,68,4,24,0,97.22222222222221,0.9913194444444444
plain_multimodal,dpi_6,257,192,96,72,24,68,4,23,1,95.13888888888889,0.9785879629629629
plain_multimodal,dpi_6,357,192,96,72,24,68,4,20,4,88.88888888888889,0.9820601851851852
rgb_resnet18,dpi_6,157,192,96,72,24,70,2,23,1,96.52777777777779,0.9953703703703703
rgb_resnet18,dpi_6,257,192,96,72,24,69,3,23,1,95.83333333333334,0.9965277777777778
rgb_resnet18,dpi_6,357,192,96,72,24,65,7,23,1,93.05555555555556,0.9913194444444444
rgb_resnet34,dpi_6,157,192,96,72,24,69,3,21,3,91.66666666666667,0.9803240740740741
rgb_resnet34,dpi_6,257,192,96,72,24,67,5,22,2,92.36111111111111,0.9826388888888888
rgb_resnet34,dpi_6,357,192,96,72,24,72,0,19,5,89.58333333333333,0.9878472222222222
hsi_transformer,dpi_6,157,192,96,72,24,67,5,3,21,52.77777777777778,0.6111111111111112
hsi_transformer,dpi_6,257,192,96,72,24,72,0,0,24,50.0,0.5208333333333334
hsi_transformer,dpi_6,357,192,96,72,24,59,13,9,15,59.72222222222222,0.6145833333333334
spectral_1d_cnn,dpi_6,157,192,96,72,24,72,0,0,24,50.0,0.4988425925925926
spectral_1d_cnn,dpi_6,257,192,96,72,24,52,20,7,17,50.69444444444444,0.5023148148148148
spectral_1d_cnn,dpi_6,357,192,96,72,24,72,0,0,24,50.0,0.4855324074074074
compact_3d_cnn,dpi_6,157,192,96,72,24,72,0,0,24,50.0,0.5954861111111112
compact_3d_cnn,dpi_6,257,192,96,72,24,72,0,0,24,50.0,0.5891203703703703
compact_3d_cnn,dpi_6,357,192,96,72,24,72,0,0,24,50.0,0.5966435185185185
simple_multimodal,dpi_6,157,192,96,72,24,69,3,23,1,95.83333333333334,0.9953703703703703
simple_multimodal,dpi_6,257,192,96,72,24,71,1,24,0,99.30555555555556,0.9994212962962963
simple_multimodal,dpi_6,357,192,96,72,24,72,0,21,3,93.75,0.9918981481481481
psnet_no_caf,dpi_6,157,192,96,72,24,69,3,22,2,93.75,0.9832175925925926
psnet_no_caf,dpi_6,257,192,96,72,24,70,2,23,1,96.52777777777779,0.9942129629629629
psnet_no_caf,dpi_6,357,192,96,72,24,69,3,20,4,89.58333333333334,0.9762731481481481
psnet_no_wavelet,dpi_6,157,192,96,72,24,68,4,22,2,93.05555555555556,0.9791666666666666
psnet_no_wavelet,dpi_6,257,192,96,72,24,69,3,24,0,97.91666666666667,0.9982638888888888
psnet_no_wavelet,dpi_6,357,192,96,72,24,68,4,24,0,97.22222222222221,0.9837962962962963
psnet_no_3d_patch,dpi_6,157,192,96,72,24,70,2,22,2,94.44444444444444,0.9664351851851852
psnet_no_3d_patch,dpi_6,257,192,96,72,24,71,1,23,1,97.22222222222223,0.9976851851851852
psnet_no_3d_patch,dpi_6,357,192,96,72,24,72,0,21,3,93.75,0.9936342592592593
psnet_learnable_cls,dpi_6,157,192,96,72,24,68,4,24,0,97.22222222222221,1.0
psnet_learnable_cls,dpi_6,257,192,96,72,24,70,2,24,0,98.61111111111111,0.9947916666666666
psnet_learnable_cls,dpi_6,357,192,96,72,24,70,2,23,1,96.52777777777779,0.9942129629629629
psnet_full,presymptomatic_2_4,157,377,96,72,24,54,18,15,9,68.75,0.7528935185185185
psnet_full,presymptomatic_2_4,257,377,96,72,24,62,10,15,9,74.30555555555556,0.8298611111111112
psnet_full,presymptomatic_2_4,357,377,96,72,24,63,9,17,7,79.16666666666667,0.8796296296296297
plain_multimodal,presymptomatic_2_4,157,377,96,72,24,60,12,15,9,72.91666666666667,0.7818287037037037
plain_multimodal,presymptomatic_2_4,257,377,96,72,24,63,9,15,9,75.0,0.8304398148148148
psnet_no_caf,presymptomatic_2_4,157,377,96,72,24,54,18,20,4,79.16666666666667,0.8269675925925926
psnet_no_caf,presymptomatic_2_4,257,377,96,72,24,56,16,20,4,80.55555555555556,0.8778935185185185
psnet_no_caf,presymptomatic_2_4,357,377,96,72,24,61,11,17,7,77.77777777777779,0.8900462962962963
psnet_no_wavelet,presymptomatic_2_4,157,377,96,72,24,68,4,15,9,78.47222222222221,0.8778935185185185
psnet_no_wavelet,presymptomatic_2_4,257,377,96,72,24,62,10,14,10,72.22222222222223,0.8165509259259259
psnet_no_wavelet,presymptomatic_2_4,357,377,96,72,24,52,20,19,5,75.69444444444444,0.8958333333333334
psnet_no_3d_patch,presymptomatic_2_4,157,377,96,72,24,55,17,22,2,84.02777777777777,0.9039351851851852
psnet_no_3d_patch,presymptomatic_2_4,257,377,96,72,24,58,14,18,6,77.77777777777779,0.8315972222222222
psnet_no_3d_patch,presymptomatic_2_4,357,377,96,72,24,49,23,20,4,75.69444444444444,0.8402777777777778
psnet_learnable_cls,presymptomatic_2_4,157,377,96,72,24,66,6,12,12,70.83333333333333,0.8535879629629629
psnet_learnable_cls,presymptomatic_2_4,257,377,96,72,24,66,6,16,8,79.16666666666666,0.9056712962962963
psnet_learnable_cls,presymptomatic_2_4,357,377,96,72,24,60,12,15,9,72.91666666666667,0.7609953703703703
psnet_full,all_dpi,157,569,96,72,24,68,4,22,2,93.05555555555556,0.9803240740740741
